{
  "ModuleSettings": {
    "MainIntensity": 7,
    "Settings": [
      {
        "Luminosity": 7,
        "Reverse": false,
        "Number": 1
      },
      {
        "Luminosity": 7,
        "Reverse": false,
        "Number": 2
      },
      {
        "Luminosity": 7,
        "Reverse": false,
        "Number": 3
      },
      {
        "Luminosity": 7,
        "Reverse": false,
        "Number": 4
      },
      {
        "Luminosity": 7,
        "Reverse": false,
        "Number": 5
      },
      {
        "Luminosity": 7,
        "Reverse": false,
        "Number": 6
      },
      {
        "Luminosity": 7,
        "Reverse": false,
        "Number": 7
      },
      {
        "Luminosity": 7,
        "Reverse": false,
        "Number": 8
      },
      {
        "Luminosity": 7,
        "Reverse": false,
        "Number": 9
      },
      {
        "Luminosity": 7,
        "Reverse": false,
        "Number": 10
      },
      {
        "Luminosity": 7,
        "Reverse": false,
        "Number": 11
      },
      {
        "Luminosity": 7,
        "Reverse": false,
        "Number": 12
      },
      {
        "Luminosity": 7,
        "Reverse": false,
        "Number": 13
      },
      {
        "Luminosity": 7,
        "Reverse": false,
        "Number": 14
      },
      {
        "Luminosity": 7,
        "Reverse": false,
        "Number": 15
      },
      {
        "Luminosity": 7,
        "Reverse": false,
        "Number": 16
      },
      {
        "Luminosity": 7,
        "Reverse": false,
        "Number": 17
      },
      {
        "Luminosity": 7,
        "Reverse": false,
        "Number": 18
      },
      {
        "Luminosity": 7,
        "Reverse": false,
        "Number": 19
      },
      {
        "Luminosity": 7,
        "Reverse": false,
        "Number": 20
      }
    ]
  },
  "DashSerialSpeed": 11,
  "DashReadButtons": true,
  "DashEnableACQPacket": true,
  "ModuleLogicalMap": [
    0,
    1,
    2,
    3,
    4,
    5,
    6,
    7,
    8,
    9,
    10
  ],
  "AnnounceTime": 0.5,
  "RpmBlinkingLevel": 92.0,
  "LowFuelLapsLevel": 2.0,
  "LowFuelLapsAlertInterval": 20,
  "currentScreenIndex": 0,
  "RGBLedsLayouts": [
    {
      "Name": "DEFAULT",
      "Mappings": [
        {
          "DataSource": "Rpms",
          "StartLedNumber": 1,
          "EndLedNumber": 5,
          "StopOverEndValue": false,
          "StopBeyondStartValue": true,
          "StepValues": true,
          "ProgressiveLeds": false,
          "AllowBlinking": false,
          "StartColor": {
            "B": 0,
            "G": 0,
            "R": 0
          },
          "GradientOnAllLeds": false,
          "EndColor": {
            "B": 0,
            "G": 0,
            "R": 0
          },
          "StartValue": 0.0,
          "StartValueIncluded": false,
          "EndValueIncluded": true,
          "EndValue": 62.5,
          "IsRGBMapping": false,
          "LedColor": 0,
          "BlinkInterval": null
        },
        {
          "DataSource": "Rpms",
          "StartLedNumber": 6,
          "EndLedNumber": 8,
          "StopOverEndValue": false,
          "StopBeyondStartValue": true,
          "StepValues": true,
          "ProgressiveLeds": false,
          "AllowBlinking": true,
          "StartColor": {
            "B": 0,
            "G": 0,
            "R": 0
          },
          "GradientOnAllLeds": false,
          "EndColor": {
            "B": 0,
            "G": 0,
            "R": 0
          },
          "StartValue": 62.5,
          "StartValueIncluded": false,
          "EndValueIncluded": true,
          "EndValue": 100.0,
          "IsRGBMapping": false,
          "LedColor": 1,
          "BlinkInterval": null
        },
        {
          "DataSource": "Rpms",
          "StartLedNumber": 1,
          "EndLedNumber": 12,
          "StopOverEndValue": false,
          "StopBeyondStartValue": true,
          "StepValues": true,
          "ProgressiveLeds": false,
          "AllowBlinking": false,
          "StartColor": {
            "B": 0,
            "G": 255,
            "R": 0
          },
          "GradientOnAllLeds": false,
          "EndColor": {
            "B": 128,
            "G": 64,
            "R": 0
          },
          "StartValue": 0.0,
          "StartValueIncluded": false,
          "EndValueIncluded": true,
          "EndValue": 75.0,
          "IsRGBMapping": true,
          "LedColor": 0,
          "BlinkInterval": null
        },
        {
          "DataSource": "Rpms",
          "StartLedNumber": 13,
          "EndLedNumber": 16,
          "StopOverEndValue": false,
          "StopBeyondStartValue": true,
          "StepValues": true,
          "ProgressiveLeds": false,
          "AllowBlinking": true,
          "StartColor": {
            "B": 0,
            "G": 0,
            "R": 255
          },
          "GradientOnAllLeds": false,
          "EndColor": {
            "B": 0,
            "G": 0,
            "R": 255
          },
          "StartValue": 75.0,
          "StartValueIncluded": false,
          "EndValueIncluded": true,
          "EndValue": 100.0,
          "IsRGBMapping": true,
          "LedColor": 0,
          "BlinkInterval": null
        },
        {
          "DataSource": "SessionBestDeltaProgress",
          "StartLedNumber": 9,
          "EndLedNumber": 16,
          "StopOverEndValue": true,
          "StopBeyondStartValue": false,
          "StepValues": true,
          "ProgressiveLeds": false,
          "AllowBlinking": true,
          "StartColor": {
            "B": 0,
            "G": 0,
            "R": 0
          },
          "GradientOnAllLeds": false,
          "EndColor": {
            "B": 0,
            "G": 0,
            "R": 0
          },
          "StartValue": 0.0,
          "StartValueIncluded": true,
          "EndValueIncluded": true,
          "EndValue": -1.2,
          "IsRGBMapping": false,
          "LedColor": 0,
          "BlinkInterval": null
        },
        {
          "DataSource": "SessionBestDeltaProgress",
          "StartLedNumber": 9,
          "EndLedNumber": 16,
          "StopOverEndValue": false,
          "StopBeyondStartValue": true,
          "StepValues": true,
          "ProgressiveLeds": false,
          "AllowBlinking": true,
          "StartColor": {
            "B": 0,
            "G": 0,
            "R": 0
          },
          "GradientOnAllLeds": false,
          "EndColor": {
            "B": 0,
            "G": 0,
            "R": 0
          },
          "StartValue": 0.0,
          "StartValueIncluded": false,
          "EndValueIncluded": true,
          "EndValue": 1.2,
          "IsRGBMapping": false,
          "LedColor": 1,
          "BlinkInterval": null
        },
        {
          "DataSource": "FuelLaps",
          "StartLedNumber": 17,
          "EndLedNumber": 24,
          "StopOverEndValue": false,
          "StopBeyondStartValue": true,
          "StepValues": true,
          "ProgressiveLeds": false,
          "AllowBlinking": true,
          "StartColor": {
            "B": 0,
            "G": 0,
            "R": 0
          },
          "GradientOnAllLeds": false,
          "EndColor": {
            "B": 0,
            "G": 0,
            "R": 0
          },
          "StartValue": 0.0,
          "StartValueIncluded": false,
          "EndValueIncluded": true,
          "EndValue": 8.0,
          "IsRGBMapping": false,
          "LedColor": 0,
          "BlinkInterval": null
        },
        {
          "DataSource": "FuelLaps",
          "StartLedNumber": 17,
          "EndLedNumber": 18,
          "StopOverEndValue": false,
          "StopBeyondStartValue": true,
          "StepValues": true,
          "ProgressiveLeds": false,
          "AllowBlinking": true,
          "StartColor": {
            "B": 0,
            "G": 0,
            "R": 0
          },
          "GradientOnAllLeds": false,
          "EndColor": {
            "B": 0,
            "G": 0,
            "R": 0
          },
          "StartValue": 0.0,
          "StartValueIncluded": false,
          "EndValueIncluded": true,
          "EndValue": 2.0,
          "IsRGBMapping": false,
          "LedColor": 1,
          "BlinkInterval": null
        }
      ],
      "GameRestriction": {
        "SupportedGames": []
      },
      "IsCommon": false,
      "IsInGame": true,
      "IsIdle": true
    }
  ],
  "ReversedScreens": [
    false,
    false,
    false,
    false,
    false,
    false,
    false,
    false,
    false,
    false,
    false,
    false,
    false,
    false,
    false,
    false,
    false,
    false,
    false,
    false
  ],
  "Screens": [
    {
      "ScreenVersion": 2,
      "GameRestriction": {
        "SupportedGames": []
      },
      "ScrenParts": [
        [
          {
            "Expression": "DataCorePlugin.GameData.NewData.CurrentLap",
            "FixedLength": 3,
            "FormatString": "0",
            "LineReturn": false,
            "Mode": 2,
            "ReadonlyExpression": "DataCorePlugin.GameData.NewData.CurrentLap",
            "RightAlign": false,
            "Text": null,
            "Formula": {
              "Expression": null
            }
          },
          {
            "Expression": "DataCorePlugin.GameData.NewData.Gear",
            "FixedLength": 1,
            "FormatString": "",
            "LineReturn": false,
            "Mode": 2,
            "ReadonlyExpression": "DataCorePlugin.GameData.NewData.Gear",
            "RightAlign": true,
            "Text": null,
            "Formula": {
              "Expression": null
            }
          },
          {
            "Expression": "DataCorePlugin.GameData.NewData.SpeedKmh",
            "FixedLength": 4,
            "FormatString": "0",
            "LineReturn": false,
            "Mode": 2,
            "ReadonlyExpression": "DataCorePlugin.GameData.NewData.SpeedKmh",
            "RightAlign": true,
            "Text": null,
            "Formula": {
              "Expression": null
            }
          }
        ],
        [],
        [],
        []
      ],
      "Modules": [
        {
          "PreviewType": 0,
          "ScreenType": 0,
          "ModuleParts": [
            {
              "Expression": "DataCorePlugin.GameData.NewData.CurrentLap",
              "FixedLength": 3,
              "FormatString": "0",
              "LineReturn": false,
              "Mode": 2,
              "ReadonlyExpression": "DataCorePlugin.GameData.NewData.CurrentLap",
              "RightAlign": false,
              "Text": null,
              "Formula": {
                "Expression": null
              }
            },
            {
              "Expression": "DataCorePlugin.GameData.NewData.Gear",
              "FixedLength": 1,
              "FormatString": "",
              "LineReturn": false,
              "Mode": 2,
              "ReadonlyExpression": "DataCorePlugin.GameData.NewData.Gear",
              "RightAlign": true,
              "Text": null,
              "Formula": {
                "Expression": null
              }
            },
            {
              "Expression": "DataCorePlugin.GameData.NewData.SpeedKmh",
              "FixedLength": 4,
              "FormatString": "0",
              "LineReturn": false,
              "Mode": 2,
              "ReadonlyExpression": "DataCorePlugin.GameData.NewData.SpeedKmh",
              "RightAlign": true,
              "Text": null,
              "Formula": {
                "Expression": null
              }
            }
          ],
          "Announce": {
            "AnnounceText": ""
          }
        },
        {
          "PreviewType": 0,
          "ScreenType": 0,
          "ModuleParts": [],
          "Announce": {
            "AnnounceText": ""
          }
        },
        {
          "PreviewType": 0,
          "ScreenType": 0,
          "ModuleParts": [],
          "Announce": {
            "AnnounceText": ""
          }
        },
        {
          "PreviewType": 0,
          "ScreenType": 0,
          "ModuleParts": [],
          "Announce": {
            "AnnounceText": ""
          }
        }
      ],
      "ScrenAnnounce": [
        {
          "AnnounceText": ""
        },
        {
          "AnnounceText": ""
        },
        {
          "AnnounceText": ""
        },
        {
          "AnnounceText": ""
        }
      ],
      "BlinkFrequency": 0,
      "GameNotRunningScreen": false,
      "GameRunningScreen": true,
      "ScreenName": "MainScreen"
    },
    {
      "ScreenVersion": 2,
      "GameRestriction": {
        "SupportedGames": []
      },
      "ScrenParts": [
        [
          {
            "Expression": "DataCorePlugin.GameData.NewData.CurrentLapTime",
            "FixedLength": 4,
            "FormatString": "mm\\.ss",
            "LineReturn": false,
            "Mode": 2,
            "ReadonlyExpression": "DataCorePlugin.GameData.NewData.CurrentLapTime",
            "RightAlign": false,
            "Text": null,
            "Formula": {
              "Expression": null
            }
          },
          {
            "Expression": "DataCorePlugin.CustomExpression.CompactDelta",
            "FixedLength": 4,
            "FormatString": "",
            "LineReturn": false,
            "Mode": 2,
            "ReadonlyExpression": "DataCorePlugin.CustomExpression.CompactDelta",
            "RightAlign": true,
            "Text": null,
            "Formula": {
              "Expression": null
            }
          }
        ],
        [],
        [],
        []
      ],
      "Modules": [
        {
          "PreviewType": 0,
          "ScreenType": 0,
          "ModuleParts": [
            {
              "Expression": "DataCorePlugin.GameData.NewData.CurrentLapTime",
              "FixedLength": 4,
              "FormatString": "mm\\.ss",
              "LineReturn": false,
              "Mode": 2,
              "ReadonlyExpression": "DataCorePlugin.GameData.NewData.CurrentLapTime",
              "RightAlign": false,
              "Text": null,
              "Formula": {
                "Expression": null
              }
            },
            {
              "Expression": "DataCorePlugin.CustomExpression.CompactDelta",
              "FixedLength": 4,
              "FormatString": "",
              "LineReturn": false,
              "Mode": 2,
              "ReadonlyExpression": "DataCorePlugin.CustomExpression.CompactDelta",
              "RightAlign": true,
              "Text": null,
              "Formula": {
                "Expression": null
              }
            }
          ],
          "Announce": {
            "AnnounceText": "CURR. Lap"
          }
        },
        {
          "PreviewType": 0,
          "ScreenType": 0,
          "ModuleParts": [],
          "Announce": {
            "AnnounceText": ""
          }
        },
        {
          "PreviewType": 0,
          "ScreenType": 0,
          "ModuleParts": [],
          "Announce": {
            "AnnounceText": ""
          }
        },
        {
          "PreviewType": 0,
          "ScreenType": 0,
          "ModuleParts": [],
          "Announce": {
            "AnnounceText": ""
          }
        }
      ],
      "ScrenAnnounce": [
        {
          "AnnounceText": "CURR. Lap"
        },
        {
          "AnnounceText": ""
        },
        {
          "AnnounceText": ""
        },
        {
          "AnnounceText": ""
        }
      ],
      "BlinkFrequency": 0,
      "GameNotRunningScreen": false,
      "GameRunningScreen": true,
      "ScreenName": "CurrentLap"
    },
    {
      "ScreenVersion": 2,
      "GameRestriction": {
        "SupportedGames": []
      },
      "ScrenParts": [
        [
          {
            "Expression": "DataCorePlugin.GameData.NewData.LastLapTime",
            "FixedLength": 8,
            "FormatString": "mm\\.ss\\.fff",
            "LineReturn": false,
            "Mode": 2,
            "ReadonlyExpression": "DataCorePlugin.GameData.NewData.LastLapTime",
            "RightAlign": true,
            "Text": null,
            "Formula": {
              "Expression": null
            }
          }
        ],
        [],
        [],
        []
      ],
      "Modules": [
        {
          "PreviewType": 0,
          "ScreenType": 0,
          "ModuleParts": [
            {
              "Expression": "DataCorePlugin.GameData.NewData.LastLapTime",
              "FixedLength": 8,
              "FormatString": "mm\\.ss\\.fff",
              "LineReturn": false,
              "Mode": 2,
              "ReadonlyExpression": "DataCorePlugin.GameData.NewData.LastLapTime",
              "RightAlign": true,
              "Text": null,
              "Formula": {
                "Expression": null
              }
            }
          ],
          "Announce": {
            "AnnounceText": "LAST LAP"
          }
        },
        {
          "PreviewType": 0,
          "ScreenType": 0,
          "ModuleParts": [],
          "Announce": {
            "AnnounceText": ""
          }
        },
        {
          "PreviewType": 0,
          "ScreenType": 0,
          "ModuleParts": [],
          "Announce": {
            "AnnounceText": ""
          }
        },
        {
          "PreviewType": 0,
          "ScreenType": 0,
          "ModuleParts": [],
          "Announce": {
            "AnnounceText": ""
          }
        }
      ],
      "ScrenAnnounce": [
        {
          "AnnounceText": "LAST LAP"
        },
        {
          "AnnounceText": ""
        },
        {
          "AnnounceText": ""
        },
        {
          "AnnounceText": ""
        }
      ],
      "BlinkFrequency": 0,
      "GameNotRunningScreen": false,
      "GameRunningScreen": true,
      "ScreenName": "LastLap"
    },
    {
      "ScreenVersion": 2,
      "GameRestriction": {
        "SupportedGames": []
      },
      "ScrenParts": [
        [
          {
            "Expression": "DataCorePlugin.GameData.NewData.BestLapTime",
            "FixedLength": 8,
            "FormatString": "m\\.ss\\.fff",
            "LineReturn": false,
            "Mode": 2,
            "ReadonlyExpression": "DataCorePlugin.GameData.NewData.BestLapTime",
            "RightAlign": true,
            "Text": null,
            "Formula": {
              "Expression": null
            }
          }
        ],
        [],
        [],
        []
      ],
      "Modules": [
        {
          "PreviewType": 0,
          "ScreenType": 0,
          "ModuleParts": [
            {
              "Expression": "DataCorePlugin.GameData.NewData.BestLapTime",
              "FixedLength": 8,
              "FormatString": "m\\.ss\\.fff",
              "LineReturn": false,
              "Mode": 2,
              "ReadonlyExpression": "DataCorePlugin.GameData.NewData.BestLapTime",
              "RightAlign": true,
              "Text": null,
              "Formula": {
                "Expression": null
              }
            }
          ],
          "Announce": {
            "AnnounceText": "BEST LAP"
          }
        },
        {
          "PreviewType": 0,
          "ScreenType": 0,
          "ModuleParts": [],
          "Announce": {
            "AnnounceText": ""
          }
        },
        {
          "PreviewType": 0,
          "ScreenType": 0,
          "ModuleParts": [],
          "Announce": {
            "AnnounceText": ""
          }
        },
        {
          "PreviewType": 0,
          "ScreenType": 0,
          "ModuleParts": [],
          "Announce": {
            "AnnounceText": ""
          }
        }
      ],
      "ScrenAnnounce": [
        {
          "AnnounceText": "BEST LAP"
        },
        {
          "AnnounceText": ""
        },
        {
          "AnnounceText": ""
        },
        {
          "AnnounceText": ""
        }
      ],
      "BlinkFrequency": 0,
      "GameNotRunningScreen": false,
      "GameRunningScreen": true,
      "ScreenName": "BestLap"
    },
    {
      "ScreenVersion": 2,
      "GameRestriction": {
        "SupportedGames": []
      },
      "ScrenParts": [
        [
          {
            "Expression": "DataCorePlugin.GameData.NewData.TyreCoreTemperature1",
            "FixedLength": 4,
            "FormatString": "0°",
            "LineReturn": false,
            "Mode": 2,
            "ReadonlyExpression": "DataCorePlugin.GameData.NewData.TyreCoreTemperature1",
            "RightAlign": false,
            "Text": null,
            "Formula": {
              "Expression": null
            }
          },
          {
            "Expression": "DataCorePlugin.GameData.NewData.TyreCoreTemperature2",
            "FixedLength": 4,
            "FormatString": "0°",
            "LineReturn": false,
            "Mode": 2,
            "ReadonlyExpression": "DataCorePlugin.GameData.NewData.TyreCoreTemperature2",
            "RightAlign": true,
            "Text": null,
            "Formula": {
              "Expression": null
            }
          }
        ],
        [],
        [],
        []
      ],
      "Modules": [
        {
          "PreviewType": 0,
          "ScreenType": 0,
          "ModuleParts": [
            {
              "Expression": "DataCorePlugin.GameData.NewData.TyreCoreTemperature1",
              "FixedLength": 4,
              "FormatString": "0°",
              "LineReturn": false,
              "Mode": 2,
              "ReadonlyExpression": "DataCorePlugin.GameData.NewData.TyreCoreTemperature1",
              "RightAlign": false,
              "Text": null,
              "Formula": {
                "Expression": null
              }
            },
            {
              "Expression": "DataCorePlugin.GameData.NewData.TyreCoreTemperature2",
              "FixedLength": 4,
              "FormatString": "0°",
              "LineReturn": false,
              "Mode": 2,
              "ReadonlyExpression": "DataCorePlugin.GameData.NewData.TyreCoreTemperature2",
              "RightAlign": true,
              "Text": null,
              "Formula": {
                "Expression": null
              }
            }
          ],
          "Announce": {
            "AnnounceText": "FRONT.TYRES"
          }
        },
        {
          "PreviewType": 0,
          "ScreenType": 0,
          "ModuleParts": [],
          "Announce": {
            "AnnounceText": ""
          }
        },
        {
          "PreviewType": 0,
          "ScreenType": 0,
          "ModuleParts": [],
          "Announce": {
            "AnnounceText": ""
          }
        },
        {
          "PreviewType": 0,
          "ScreenType": 0,
          "ModuleParts": [],
          "Announce": {
            "AnnounceText": ""
          }
        }
      ],
      "ScrenAnnounce": [
        {
          "AnnounceText": "FRONT.TYRES"
        },
        {
          "AnnounceText": ""
        },
        {
          "AnnounceText": ""
        },
        {
          "AnnounceText": ""
        }
      ],
      "BlinkFrequency": 0,
      "GameNotRunningScreen": false,
      "GameRunningScreen": true,
      "ScreenName": "FrontTyres"
    },
    {
      "ScreenVersion": 2,
      "GameRestriction": {
        "SupportedGames": []
      },
      "ScrenParts": [
        [
          {
            "Expression": "DataCorePlugin.GameData.NewData.TyreCoreTemperature3",
            "FixedLength": 4,
            "FormatString": "0°",
            "LineReturn": false,
            "Mode": 2,
            "ReadonlyExpression": "DataCorePlugin.GameData.NewData.TyreCoreTemperature3",
            "RightAlign": false,
            "Text": null,
            "Formula": {
              "Expression": null
            }
          },
          {
            "Expression": "DataCorePlugin.GameData.NewData.TyreCoreTemperature4",
            "FixedLength": 4,
            "FormatString": "0°",
            "LineReturn": false,
            "Mode": 2,
            "ReadonlyExpression": "DataCorePlugin.GameData.NewData.TyreCoreTemperature4",
            "RightAlign": true,
            "Text": null,
            "Formula": {
              "Expression": null
            }
          }
        ],
        [],
        [],
        []
      ],
      "Modules": [
        {
          "PreviewType": 0,
          "ScreenType": 0,
          "ModuleParts": [
            {
              "Expression": "DataCorePlugin.GameData.NewData.TyreCoreTemperature3",
              "FixedLength": 4,
              "FormatString": "0°",
              "LineReturn": false,
              "Mode": 2,
              "ReadonlyExpression": "DataCorePlugin.GameData.NewData.TyreCoreTemperature3",
              "RightAlign": false,
              "Text": null,
              "Formula": {
                "Expression": null
              }
            },
            {
              "Expression": "DataCorePlugin.GameData.NewData.TyreCoreTemperature4",
              "FixedLength": 4,
              "FormatString": "0°",
              "LineReturn": false,
              "Mode": 2,
              "ReadonlyExpression": "DataCorePlugin.GameData.NewData.TyreCoreTemperature4",
              "RightAlign": true,
              "Text": null,
              "Formula": {
                "Expression": null
              }
            }
          ],
          "Announce": {
            "AnnounceText": "ReaR TYR."
          }
        },
        {
          "PreviewType": 0,
          "ScreenType": 0,
          "ModuleParts": [],
          "Announce": {
            "AnnounceText": ""
          }
        },
        {
          "PreviewType": 0,
          "ScreenType": 0,
          "ModuleParts": [],
          "Announce": {
            "AnnounceText": ""
          }
        },
        {
          "PreviewType": 0,
          "ScreenType": 0,
          "ModuleParts": [],
          "Announce": {
            "AnnounceText": ""
          }
        }
      ],
      "ScrenAnnounce": [
        {
          "AnnounceText": "ReaR TYR."
        },
        {
          "AnnounceText": ""
        },
        {
          "AnnounceText": ""
        },
        {
          "AnnounceText": ""
        }
      ],
      "BlinkFrequency": 0,
      "GameNotRunningScreen": false,
      "GameRunningScreen": true,
      "ScreenName": "RearTyres"
    },
    {
      "ScreenVersion": 2,
      "GameRestriction": {
        "SupportedGames": []
      },
      "ScrenParts": [
        [
          {
            "Expression": "DataCorePlugin.GameData.NewData.Fuel",
            "FixedLength": 8,
            "FormatString": "0L",
            "LineReturn": false,
            "Mode": 2,
            "ReadonlyExpression": "DataCorePlugin.GameData.NewData.Fuel",
            "RightAlign": true,
            "Text": null,
            "Formula": {
              "Expression": null
            }
          }
        ],
        [],
        [],
        []
      ],
      "Modules": [
        {
          "PreviewType": 0,
          "ScreenType": 0,
          "ModuleParts": [
            {
              "Expression": "DataCorePlugin.GameData.NewData.Fuel",
              "FixedLength": 8,
              "FormatString": "0L",
              "LineReturn": false,
              "Mode": 2,
              "ReadonlyExpression": "DataCorePlugin.GameData.NewData.Fuel",
              "RightAlign": true,
              "Text": null,
              "Formula": {
                "Expression": null
              }
            }
          ],
          "Announce": {
            "AnnounceText": "REM FUEL"
          }
        },
        {
          "PreviewType": 0,
          "ScreenType": 0,
          "ModuleParts": [],
          "Announce": {
            "AnnounceText": ""
          }
        },
        {
          "PreviewType": 0,
          "ScreenType": 0,
          "ModuleParts": [],
          "Announce": {
            "AnnounceText": ""
          }
        },
        {
          "PreviewType": 0,
          "ScreenType": 0,
          "ModuleParts": [],
          "Announce": {
            "AnnounceText": ""
          }
        }
      ],
      "ScrenAnnounce": [
        {
          "AnnounceText": "REM FUEL"
        },
        {
          "AnnounceText": ""
        },
        {
          "AnnounceText": ""
        },
        {
          "AnnounceText": ""
        }
      ],
      "BlinkFrequency": 0,
      "GameNotRunningScreen": false,
      "GameRunningScreen": true,
      "ScreenName": "FuelRemainingLiters"
    },
    {
      "ScreenVersion": 2,
      "GameRestriction": {
        "SupportedGames": []
      },
      "ScrenParts": [
        [
          {
            "Expression": "DataCorePlugin.Computed.Fuel_LitersPerLap",
            "FixedLength": 3,
            "FormatString": "0L",
            "LineReturn": false,
            "Mode": 2,
            "ReadonlyExpression": "DataCorePlugin.Computed.Fuel_LitersPerLap",
            "RightAlign": false,
            "Text": null,
            "Formula": {
              "Expression": null
            }
          },
          {
            "Expression": "DataCorePlugin.Computed.Fuel_RemainingLaps",
            "FixedLength": 5,
            "FormatString": "0LA",
            "LineReturn": false,
            "Mode": 2,
            "ReadonlyExpression": "DataCorePlugin.Computed.Fuel_RemainingLaps",
            "RightAlign": true,
            "Text": null,
            "Formula": {
              "Expression": null
            }
          }
        ],
        [],
        [],
        []
      ],
      "Modules": [
        {
          "PreviewType": 0,
          "ScreenType": 0,
          "ModuleParts": [
            {
              "Expression": "DataCorePlugin.Computed.Fuel_LitersPerLap",
              "FixedLength": 3,
              "FormatString": "0L",
              "LineReturn": false,
              "Mode": 2,
              "ReadonlyExpression": "DataCorePlugin.Computed.Fuel_LitersPerLap",
              "RightAlign": false,
              "Text": null,
              "Formula": {
                "Expression": null
              }
            },
            {
              "Expression": "DataCorePlugin.Computed.Fuel_RemainingLaps",
              "FixedLength": 5,
              "FormatString": "0LA",
              "LineReturn": false,
              "Mode": 2,
              "ReadonlyExpression": "DataCorePlugin.Computed.Fuel_RemainingLaps",
              "RightAlign": true,
              "Text": null,
              "Formula": {
                "Expression": null
              }
            }
          ],
          "Announce": {
            "AnnounceText": "FUEL.CONS"
          }
        },
        {
          "PreviewType": 0,
          "ScreenType": 0,
          "ModuleParts": [],
          "Announce": {
            "AnnounceText": ""
          }
        },
        {
          "PreviewType": 0,
          "ScreenType": 0,
          "ModuleParts": [],
          "Announce": {
            "AnnounceText": ""
          }
        },
        {
          "PreviewType": 0,
          "ScreenType": 0,
          "ModuleParts": [],
          "Announce": {
            "AnnounceText": ""
          }
        }
      ],
      "ScrenAnnounce": [
        {
          "AnnounceText": "FUEL.CONS"
        },
        {
          "AnnounceText": ""
        },
        {
          "AnnounceText": ""
        },
        {
          "AnnounceText": ""
        }
      ],
      "BlinkFrequency": 0,
      "GameNotRunningScreen": false,
      "GameRunningScreen": true,
      "ScreenName": "FueLapConsumption"
    },
    {
      "ScreenVersion": 2,
      "GameRestriction": {
        "SupportedGames": []
      },
      "ScrenParts": [
        [
          {
            "Expression": null,
            "FixedLength": 0,
            "FormatString": "",
            "LineReturn": false,
            "Mode": 1,
            "ReadonlyExpression": null,
            "RightAlign": false,
            "Text": "LoFu",
            "Formula": {
              "Expression": null
            }
          },
          {
            "Expression": "DataCorePlugin.Computed.Fuel_RemainingLaps",
            "FixedLength": 4,
            "FormatString": "0.0r",
            "LineReturn": false,
            "Mode": 2,
            "ReadonlyExpression": "DataCorePlugin.Computed.Fuel_RemainingLaps",
            "RightAlign": true,
            "Text": null,
            "Formula": {
              "Expression": null
            }
          }
        ],
        [],
        [],
        []
      ],
      "Modules": [
        {
          "PreviewType": 0,
          "ScreenType": 0,
          "ModuleParts": [
            {
              "Expression": null,
              "FixedLength": 0,
              "FormatString": "",
              "LineReturn": false,
              "Mode": 1,
              "ReadonlyExpression": null,
              "RightAlign": false,
              "Text": "LoFu",
              "Formula": {
                "Expression": null
              }
            },
            {
              "Expression": "DataCorePlugin.Computed.Fuel_RemainingLaps",
              "FixedLength": 4,
              "FormatString": "0.0r",
              "LineReturn": false,
              "Mode": 2,
              "ReadonlyExpression": "DataCorePlugin.Computed.Fuel_RemainingLaps",
              "RightAlign": true,
              "Text": null,
              "Formula": {
                "Expression": null
              }
            }
          ],
          "Announce": {
            "AnnounceText": ""
          }
        },
        {
          "PreviewType": 0,
          "ScreenType": 0,
          "ModuleParts": [],
          "Announce": {
            "AnnounceText": ""
          }
        },
        {
          "PreviewType": 0,
          "ScreenType": 0,
          "ModuleParts": [],
          "Announce": {
            "AnnounceText": ""
          }
        },
        {
          "PreviewType": 0,
          "ScreenType": 0,
          "ModuleParts": [],
          "Announce": {
            "AnnounceText": ""
          }
        }
      ],
      "ScrenAnnounce": [
        {
          "AnnounceText": ""
        },
        {
          "AnnounceText": ""
        },
        {
          "AnnounceText": ""
        },
        {
          "AnnounceText": ""
        }
      ],
      "BlinkFrequency": 200,
      "GameNotRunningScreen": false,
      "GameRunningScreen": false,
      "ScreenName": "LowFuelAlert"
    },
    {
      "ScreenVersion": 2,
      "GameRestriction": {
        "SupportedGames": []
      },
      "ScrenParts": [
        [
          {
            "Expression": "PersistantTrackerPlugin.AllTimeBestLastLapDelta",
            "FixedLength": 8,
            "FormatString": "0.000",
            "LineReturn": false,
            "Mode": 2,
            "ReadonlyExpression": "PersistantTrackerPlugin.AllTimeBestLastLapDelta",
            "RightAlign": true,
            "Text": null,
            "Formula": {
              "Expression": null
            }
          }
        ],
        [],
        [],
        []
      ],
      "Modules": [
        {
          "PreviewType": 0,
          "ScreenType": 0,
          "ModuleParts": [
            {
              "Expression": "PersistantTrackerPlugin.AllTimeBestLastLapDelta",
              "FixedLength": 8,
              "FormatString": "0.000",
              "LineReturn": false,
              "Mode": 2,
              "ReadonlyExpression": "PersistantTrackerPlugin.AllTimeBestLastLapDelta",
              "RightAlign": true,
              "Text": null,
              "Formula": {
                "Expression": null
              }
            }
          ],
          "Announce": {
            "AnnounceText": "LAP DELT"
          }
        },
        {
          "PreviewType": 0,
          "ScreenType": 0,
          "ModuleParts": [],
          "Announce": {
            "AnnounceText": ""
          }
        },
        {
          "PreviewType": 0,
          "ScreenType": 0,
          "ModuleParts": [],
          "Announce": {
            "AnnounceText": ""
          }
        },
        {
          "PreviewType": 0,
          "ScreenType": 0,
          "ModuleParts": [],
          "Announce": {
            "AnnounceText": ""
          }
        }
      ],
      "ScrenAnnounce": [
        {
          "AnnounceText": "LAP DELT"
        },
        {
          "AnnounceText": ""
        },
        {
          "AnnounceText": ""
        },
        {
          "AnnounceText": ""
        }
      ],
      "BlinkFrequency": 0,
      "GameNotRunningScreen": false,
      "GameRunningScreen": false,
      "ScreenName": "NewLapDelta"
    },
    {
      "ScreenVersion": 2,
      "GameRestriction": {
        "SupportedGames": []
      },
      "ScrenParts": [
        [
          {
            "Expression": "DataCorePlugin.GameData.NewData.LastLapTime",
            "FixedLength": 8,
            "FormatString": "m\\.ss\\.fff",
            "LineReturn": false,
            "Mode": 2,
            "ReadonlyExpression": "DataCorePlugin.GameData.NewData.LastLapTime",
            "RightAlign": true,
            "Text": null,
            "Formula": {
              "Expression": null
            }
          }
        ],
        [],
        [],
        []
      ],
      "Modules": [
        {
          "PreviewType": 0,
          "ScreenType": 0,
          "ModuleParts": [
            {
              "Expression": "DataCorePlugin.GameData.NewData.LastLapTime",
              "FixedLength": 8,
              "FormatString": "m\\.ss\\.fff",
              "LineReturn": false,
              "Mode": 2,
              "ReadonlyExpression": "DataCorePlugin.GameData.NewData.LastLapTime",
              "RightAlign": true,
              "Text": null,
              "Formula": {
                "Expression": null
              }
            }
          ],
          "Announce": {
            "AnnounceText": "LAP TIme"
          }
        },
        {
          "PreviewType": 0,
          "ScreenType": 0,
          "ModuleParts": [],
          "Announce": {
            "AnnounceText": ""
          }
        },
        {
          "PreviewType": 0,
          "ScreenType": 0,
          "ModuleParts": [],
          "Announce": {
            "AnnounceText": ""
          }
        },
        {
          "PreviewType": 0,
          "ScreenType": 0,
          "ModuleParts": [],
          "Announce": {
            "AnnounceText": ""
          }
        }
      ],
      "ScrenAnnounce": [
        {
          "AnnounceText": "LAP TIme"
        },
        {
          "AnnounceText": ""
        },
        {
          "AnnounceText": ""
        },
        {
          "AnnounceText": ""
        }
      ],
      "BlinkFrequency": 0,
      "GameNotRunningScreen": false,
      "GameRunningScreen": false,
      "ScreenName": "NewLapLastTime"
    },
    {
      "ScreenVersion": 2,
      "GameRestriction": {
        "SupportedGames": []
      },
      "ScrenParts": [
        [
          {
            "Expression": null,
            "FixedLength": 0,
            "FormatString": "",
            "LineReturn": false,
            "Mode": 1,
            "ReadonlyExpression": null,
            "RightAlign": false,
            "Text": "BEST.LAP",
            "Formula": {
              "Expression": null
            }
          }
        ],
        [],
        [],
        []
      ],
      "Modules": [
        {
          "PreviewType": 0,
          "ScreenType": 0,
          "ModuleParts": [
            {
              "Expression": null,
              "FixedLength": 0,
              "FormatString": "",
              "LineReturn": false,
              "Mode": 1,
              "ReadonlyExpression": null,
              "RightAlign": false,
              "Text": "BEST.LAP",
              "Formula": {
                "Expression": null
              }
            }
          ],
          "Announce": {
            "AnnounceText": ""
          }
        },
        {
          "PreviewType": 0,
          "ScreenType": 0,
          "ModuleParts": [],
          "Announce": {
            "AnnounceText": ""
          }
        },
        {
          "PreviewType": 0,
          "ScreenType": 0,
          "ModuleParts": [],
          "Announce": {
            "AnnounceText": ""
          }
        },
        {
          "PreviewType": 0,
          "ScreenType": 0,
          "ModuleParts": [],
          "Announce": {
            "AnnounceText": ""
          }
        }
      ],
      "ScrenAnnounce": [
        {
          "AnnounceText": ""
        },
        {
          "AnnounceText": ""
        },
        {
          "AnnounceText": ""
        },
        {
          "AnnounceText": ""
        }
      ],
      "BlinkFrequency": 200,
      "GameNotRunningScreen": false,
      "GameRunningScreen": false,
      "ScreenName": "NewAllTimeBestLap"
    },
    {
      "ScreenVersion": 2,
      "GameRestriction": {
        "SupportedGames": []
      },
      "ScrenParts": [
        [
          {
            "Expression": null,
            "FixedLength": 0,
            "FormatString": "",
            "LineReturn": false,
            "Mode": 1,
            "ReadonlyExpression": null,
            "RightAlign": false,
            "Text": "SESS.BEST.",
            "Formula": {
              "Expression": null
            }
          }
        ],
        [],
        [],
        []
      ],
      "Modules": [
        {
          "PreviewType": 0,
          "ScreenType": 0,
          "ModuleParts": [
            {
              "Expression": null,
              "FixedLength": 0,
              "FormatString": "",
              "LineReturn": false,
              "Mode": 1,
              "ReadonlyExpression": null,
              "RightAlign": false,
              "Text": "SESS.BEST.",
              "Formula": {
                "Expression": null
              }
            }
          ],
          "Announce": {
            "AnnounceText": ""
          }
        },
        {
          "PreviewType": 0,
          "ScreenType": 0,
          "ModuleParts": [],
          "Announce": {
            "AnnounceText": ""
          }
        },
        {
          "PreviewType": 0,
          "ScreenType": 0,
          "ModuleParts": [],
          "Announce": {
            "AnnounceText": ""
          }
        },
        {
          "PreviewType": 0,
          "ScreenType": 0,
          "ModuleParts": [],
          "Announce": {
            "AnnounceText": ""
          }
        }
      ],
      "ScrenAnnounce": [
        {
          "AnnounceText": ""
        },
        {
          "AnnounceText": ""
        },
        {
          "AnnounceText": ""
        },
        {
          "AnnounceText": ""
        }
      ],
      "BlinkFrequency": 200,
      "GameNotRunningScreen": false,
      "GameRunningScreen": false,
      "ScreenName": "NewSessionBestLap"
    },
    {
      "ScreenVersion": 2,
      "GameRestriction": {
        "SupportedGames": []
      },
      "ScrenParts": [
        [
          {
            "Expression": null,
            "FixedLength": 0,
            "FormatString": "",
            "LineReturn": false,
            "Mode": 1,
            "ReadonlyExpression": null,
            "RightAlign": false,
            "Text": "RPM Trig",
            "Formula": {
              "Expression": null
            }
          }
        ],
        [
          {
            "Expression": "SerialDashPlugin.BlinkTriggerRatio",
            "FixedLength": 8,
            "FormatString": "",
            "LineReturn": false,
            "Mode": 2,
            "ReadonlyExpression": "SerialDashPlugin.BlinkTriggerRatio",
            "RightAlign": true,
            "Text": null,
            "Formula": {
              "Expression": null
            }
          }
        ],
        [],
        []
      ],
      "Modules": [
        {
          "PreviewType": 0,
          "ScreenType": 0,
          "ModuleParts": [
            {
              "Expression": null,
              "FixedLength": 0,
              "FormatString": "",
              "LineReturn": false,
              "Mode": 1,
              "ReadonlyExpression": null,
              "RightAlign": false,
              "Text": "RPM Trig",
              "Formula": {
                "Expression": null
              }
            }
          ],
          "Announce": {
            "AnnounceText": null
          }
        },
        {
          "PreviewType": 0,
          "ScreenType": 0,
          "ModuleParts": [
            {
              "Expression": "SerialDashPlugin.BlinkTriggerRatio",
              "FixedLength": 8,
              "FormatString": "",
              "LineReturn": false,
              "Mode": 2,
              "ReadonlyExpression": "SerialDashPlugin.BlinkTriggerRatio",
              "RightAlign": true,
              "Text": null,
              "Formula": {
                "Expression": null
              }
            }
          ],
          "Announce": {
            "AnnounceText": null
          }
        },
        {
          "PreviewType": 0,
          "ScreenType": 0,
          "ModuleParts": [],
          "Announce": {
            "AnnounceText": null
          }
        },
        {
          "PreviewType": 0,
          "ScreenType": 0,
          "ModuleParts": [],
          "Announce": {
            "AnnounceText": null
          }
        }
      ],
      "ScrenAnnounce": null,
      "BlinkFrequency": 0,
      "GameNotRunningScreen": false,
      "GameRunningScreen": false,
      "ScreenName": "BlinkingLevelChanged"
    },
    {
      "ScreenVersion": 2,
      "GameRestriction": {
        "SupportedGames": []
      },
      "ScrenParts": [
        [
          {
            "Expression": null,
            "FixedLength": 8,
            "FormatString": "",
            "LineReturn": false,
            "Mode": 1,
            "ReadonlyExpression": null,
            "RightAlign": true,
            "Text": "GAME VOL",
            "Formula": {
              "Expression": null
            }
          }
        ],
        [
          {
            "Expression": "DataCorePlugin.GameVolume",
            "FixedLength": 8,
            "FormatString": "",
            "LineReturn": false,
            "Mode": 2,
            "ReadonlyExpression": "DataCorePlugin.GameVolume",
            "RightAlign": true,
            "Text": null,
            "Formula": {
              "Expression": null
            }
          }
        ],
        [],
        []
      ],
      "Modules": [
        {
          "PreviewType": 0,
          "ScreenType": 0,
          "ModuleParts": [
            {
              "Expression": null,
              "FixedLength": 8,
              "FormatString": "",
              "LineReturn": false,
              "Mode": 1,
              "ReadonlyExpression": null,
              "RightAlign": true,
              "Text": "GAME VOL",
              "Formula": {
                "Expression": null
              }
            }
          ],
          "Announce": {
            "AnnounceText": null
          }
        },
        {
          "PreviewType": 0,
          "ScreenType": 0,
          "ModuleParts": [
            {
              "Expression": "DataCorePlugin.GameVolume",
              "FixedLength": 8,
              "FormatString": "",
              "LineReturn": false,
              "Mode": 2,
              "ReadonlyExpression": "DataCorePlugin.GameVolume",
              "RightAlign": true,
              "Text": null,
              "Formula": {
                "Expression": null
              }
            }
          ],
          "Announce": {
            "AnnounceText": null
          }
        },
        {
          "PreviewType": 0,
          "ScreenType": 0,
          "ModuleParts": [],
          "Announce": {
            "AnnounceText": null
          }
        },
        {
          "PreviewType": 0,
          "ScreenType": 0,
          "ModuleParts": [],
          "Announce": {
            "AnnounceText": null
          }
        }
      ],
      "ScrenAnnounce": null,
      "BlinkFrequency": 0,
      "GameNotRunningScreen": false,
      "GameRunningScreen": false,
      "ScreenName": "GameVolumeChanged"
    },
    {
      "ScreenVersion": 2,
      "GameRestriction": {
        "SupportedGames": []
      },
      "ScrenParts": [
        [
          {
            "Expression": null,
            "FixedLength": 0,
            "FormatString": "",
            "LineReturn": false,
            "Mode": 1,
            "ReadonlyExpression": null,
            "RightAlign": false,
            "Text": "Light  ",
            "Formula": {
              "Expression": null
            }
          },
          {
            "Expression": "SerialDashPlugin.DisplayIntensity",
            "FixedLength": 0,
            "FormatString": "",
            "LineReturn": false,
            "Mode": 2,
            "ReadonlyExpression": "SerialDashPlugin.DisplayIntensity",
            "RightAlign": false,
            "Text": null,
            "Formula": {
              "Expression": null
            }
          }
        ],
        [],
        [],
        []
      ],
      "Modules": [
        {
          "PreviewType": 0,
          "ScreenType": 0,
          "ModuleParts": [
            {
              "Expression": null,
              "FixedLength": 0,
              "FormatString": "",
              "LineReturn": false,
              "Mode": 1,
              "ReadonlyExpression": null,
              "RightAlign": false,
              "Text": "Light  ",
              "Formula": {
                "Expression": null
              }
            },
            {
              "Expression": "SerialDashPlugin.DisplayIntensity",
              "FixedLength": 0,
              "FormatString": "",
              "LineReturn": false,
              "Mode": 2,
              "ReadonlyExpression": "SerialDashPlugin.DisplayIntensity",
              "RightAlign": false,
              "Text": null,
              "Formula": {
                "Expression": null
              }
            }
          ],
          "Announce": {
            "AnnounceText": null
          }
        },
        {
          "PreviewType": 0,
          "ScreenType": 0,
          "ModuleParts": [],
          "Announce": {
            "AnnounceText": null
          }
        },
        {
          "PreviewType": 0,
          "ScreenType": 0,
          "ModuleParts": [],
          "Announce": {
            "AnnounceText": null
          }
        },
        {
          "PreviewType": 0,
          "ScreenType": 0,
          "ModuleParts": [],
          "Announce": {
            "AnnounceText": null
          }
        }
      ],
      "ScrenAnnounce": null,
      "BlinkFrequency": 0,
      "GameNotRunningScreen": false,
      "GameRunningScreen": false,
      "ScreenName": "DisplayIntensityChanged"
    },
    {
      "ScreenVersion": 2,
      "GameRestriction": {
        "SupportedGames": []
      },
      "ScrenParts": [
        [
          {
            "Expression": null,
            "FixedLength": 0,
            "FormatString": "",
            "LineReturn": false,
            "Mode": 1,
            "ReadonlyExpression": null,
            "RightAlign": false,
            "Text": "RPMS",
            "Formula": {
              "Expression": null
            }
          },
          {
            "Expression": "SerialDashPlugin.RPMStartOffset",
            "FixedLength": 4,
            "FormatString": "0",
            "LineReturn": false,
            "Mode": 2,
            "ReadonlyExpression": "SerialDashPlugin.RPMStartOffset",
            "RightAlign": true,
            "Text": null,
            "Formula": {
              "Expression": null
            }
          }
        ],
        [],
        [],
        []
      ],
      "Modules": [
        {
          "PreviewType": 0,
          "ScreenType": 0,
          "ModuleParts": [
            {
              "Expression": null,
              "FixedLength": 0,
              "FormatString": "",
              "LineReturn": false,
              "Mode": 1,
              "ReadonlyExpression": null,
              "RightAlign": false,
              "Text": "RPMS",
              "Formula": {
                "Expression": null
              }
            },
            {
              "Expression": "SerialDashPlugin.RPMStartOffset",
              "FixedLength": 4,
              "FormatString": "0",
              "LineReturn": false,
              "Mode": 2,
              "ReadonlyExpression": "SerialDashPlugin.RPMStartOffset",
              "RightAlign": true,
              "Text": null,
              "Formula": {
                "Expression": null
              }
            }
          ],
          "Announce": {
            "AnnounceText": ""
          }
        },
        {
          "PreviewType": 0,
          "ScreenType": 0,
          "ModuleParts": [],
          "Announce": {
            "AnnounceText": ""
          }
        },
        {
          "PreviewType": 0,
          "ScreenType": 0,
          "ModuleParts": [],
          "Announce": {
            "AnnounceText": ""
          }
        },
        {
          "PreviewType": 0,
          "ScreenType": 0,
          "ModuleParts": [],
          "Announce": {
            "AnnounceText": ""
          }
        }
      ],
      "ScrenAnnounce": [
        {
          "AnnounceText": ""
        },
        {
          "AnnounceText": ""
        },
        {
          "AnnounceText": ""
        },
        {
          "AnnounceText": ""
        }
      ],
      "BlinkFrequency": 0,
      "GameNotRunningScreen": false,
      "GameRunningScreen": false,
      "ScreenName": "RPMStartChanged"
    },
    {
      "ScreenVersion": 2,
      "GameRestriction": {
        "SupportedGames": []
      },
      "ScrenParts": [
        [
          {
            "Expression": "DataCorePlugin.CustomExpression.CurrentDateTime",
            "FixedLength": 0,
            "FormatString": " HH.mm.ss",
            "LineReturn": false,
            "Mode": 2,
            "ReadonlyExpression": "DataCorePlugin.CustomExpression.CurrentDateTime",
            "RightAlign": false,
            "Text": null,
            "Formula": {
              "Expression": null
            }
          }
        ],
        [],
        [],
        []
      ],
      "Modules": [
        {
          "PreviewType": 0,
          "ScreenType": 0,
          "ModuleParts": [
            {
              "Expression": "DataCorePlugin.CustomExpression.CurrentDateTime",
              "FixedLength": 0,
              "FormatString": " HH.mm.ss",
              "LineReturn": false,
              "Mode": 2,
              "ReadonlyExpression": "DataCorePlugin.CustomExpression.CurrentDateTime",
              "RightAlign": false,
              "Text": null,
              "Formula": {
                "Expression": null
              }
            }
          ],
          "Announce": {
            "AnnounceText": ""
          }
        },
        {
          "PreviewType": 0,
          "ScreenType": 0,
          "ModuleParts": [],
          "Announce": {
            "AnnounceText": ""
          }
        },
        {
          "PreviewType": 0,
          "ScreenType": 0,
          "ModuleParts": [],
          "Announce": {
            "AnnounceText": ""
          }
        },
        {
          "PreviewType": 0,
          "ScreenType": 0,
          "ModuleParts": [],
          "Announce": {
            "AnnounceText": ""
          }
        }
      ],
      "ScrenAnnounce": [
        {
          "AnnounceText": ""
        },
        {
          "AnnounceText": ""
        },
        {
          "AnnounceText": ""
        },
        {
          "AnnounceText": ""
        }
      ],
      "BlinkFrequency": 0,
      "GameNotRunningScreen": true,
      "GameRunningScreen": false,
      "ScreenName": "TimeScreen"
    },
    {
      "ScreenVersion": 2,
      "GameRestriction": {
        "SupportedGames": []
      },
      "ScrenParts": [
        [
          {
            "Expression": null,
            "FixedLength": 0,
            "FormatString": "",
            "LineReturn": false,
            "Mode": 1,
            "ReadonlyExpression": null,
            "RightAlign": false,
            "Text": "GoodLuck",
            "Formula": {
              "Expression": null
            }
          }
        ],
        [],
        [],
        []
      ],
      "Modules": [
        {
          "PreviewType": 0,
          "ScreenType": 0,
          "ModuleParts": [
            {
              "Expression": null,
              "FixedLength": 0,
              "FormatString": "",
              "LineReturn": false,
              "Mode": 1,
              "ReadonlyExpression": null,
              "RightAlign": false,
              "Text": "GoodLuck",
              "Formula": {
                "Expression": null
              }
            }
          ],
          "Announce": {
            "AnnounceText": ""
          }
        },
        {
          "PreviewType": 0,
          "ScreenType": 0,
          "ModuleParts": [],
          "Announce": {
            "AnnounceText": ""
          }
        },
        {
          "PreviewType": 0,
          "ScreenType": 0,
          "ModuleParts": [],
          "Announce": {
            "AnnounceText": ""
          }
        },
        {
          "PreviewType": 0,
          "ScreenType": 0,
          "ModuleParts": [],
          "Announce": {
            "AnnounceText": ""
          }
        }
      ],
      "ScrenAnnounce": [
        {
          "AnnounceText": ""
        },
        {
          "AnnounceText": ""
        },
        {
          "AnnounceText": ""
        },
        {
          "AnnounceText": ""
        }
      ],
      "BlinkFrequency": 0,
      "GameNotRunningScreen": false,
      "GameRunningScreen": false,
      "ScreenName": "WelcomeScreen"
    }
  ],
  "RPMStartOffset": 45.0,
  "RGBIntensity": 100,
  "MatrixIntensity": 7,
  "MatrixRotations": 3,
  "CustomFont": "custommatrixfont8x8",
  "LCDRefreshSpeed": 1,
  "DeviceEnabled": true,
  "MultipleUsbEnabled": false
}