[
  {
    "Name": "Audio Control",
    "ClassName": "SimHub.Plugins.AudioControl.AudioControlPlugin",
    "IsEnabled": true,
    "IsDirty": false
  },
  {
    "Name": "Gmail",
    "ClassName": "SimHub.Plugins.DataPlugins.Gmail.GmailPlugin",
    "IsEnabled": true,
    "IsDirty": false
  },
  {
    "Name": "Joystick input",
    "ClassName": "SimHub.Plugins.InputPlugins.JoystickPlugin",
    "IsEnabled": true,
    "IsDirty": false
  },
  {
    "Name": "Keyboard Emulator",
    "ClassName": "SimHub.Plugins.KeyboardEmulator.KeyboardEmulatorPlugin",
    "IsEnabled": true,
    "IsDirty": false
  },
  {
    "Name": "Nextion display",
    "ClassName": "SimHub.Plugins.DataPlugins.Nextion.NextionPlugin",
    "IsEnabled": false,
    "IsDirty": false
  },
  {
    "Name": "Octoprint",
    "ClassName": "SimHub.Plugins.DataPlugins.OctoPrint.OctoPrintPlugin",
    "IsEnabled": false,
    "IsDirty": false
  },
  {
    "Name": "System Info",
    "ClassName": "SimHub.Plugins.DataPlugins.SystemInfo.SystemInfoPlugin",
    "IsEnabled": false,
    "IsDirty": false
  },
  {
    "Name": "VJoy Feeder",
    "ClassName": "SimHub.Plugins.VJoyFeeder.VJoyPlugin",
    "IsEnabled": false,
    "IsDirty": false
  }
]