{
  "EventActionMapping": [
    {
      "GameRestriction": {
        "SupportedGames": []
      },
      "Target": "SerialDashPlugin.DisplayScreenFor1s_RPMStartChanged",
      "Trigger": "SerialDashPlugin.RPMStartOffsetChanged"
    },
    {
      "GameRestriction": {
        "SupportedGames": []
      },
      "Target": "SerialDashPlugin.DisplayScreenFor1s_BlinkingLevelChanged",
      "Trigger": "SerialDashPlugin.BlinkTriggerRatioChanged"
    },
    {
      "GameRestriction": {
        "SupportedGames": []
      },
      "Target": "SerialDashPlugin.DisplayScreenFor1s_DisplayIntensityChanged",
      "Trigger": "SerialDashPlugin.DisplayIntensityChanged"
    },
    {
      "GameRestriction": {
        "SupportedGames": []
      },
      "Target": "SerialDashPlugin.DisplayScreenFor1s_GameVolumeChanged",
      "Trigger": "DataCorePlugin.GameVolumeChanged"
    },
    {
      "GameRestriction": {
        "SupportedGames": []
      },
      "Target": "SerialDashPlugin.DisplayScreenFor3s_LowFuelAlert",
      "Trigger": "SerialDashPlugin.LowFuelLapAlert"
    },
    {
      "GameRestriction": {
        "SupportedGames": []
      },
      "Target": "SerialDashPlugin.DisplayScreenFor3s_NewLapDelta",
      "Trigger": "DataCorePlugin.NewValidLap"
    },
    {
      "GameRestriction": {
        "SupportedGames": []
      },
      "Target": "SerialDashPlugin.DisplayScreenFor3s_NewLapLastTime",
      "Trigger": "DataCorePlugin.NewValidLap"
    },
    {
      "GameRestriction": {
        "SupportedGames": []
      },
      "Target": "SerialDashPlugin.DisplayScreenFor1s_NewAllTimeBestLap",
      "Trigger": "PersistantTrackerPlugin.NewAllTimeBest"
    },
    {
      "GameRestriction": {
        "SupportedGames": []
      },
      "Target": "SerialDashPlugin.DisplayScreenFor3s_WelcomeScreen",
      "Trigger": "DataCorePlugin.GameStarted"
    },
    {
      "GameRestriction": {
        "SupportedGames": []
      },
      "Target": "SerialDashPlugin.DisplayScreenFor3s_NewSessionBestLap",
      "Trigger": "DataCorePlugin.NewSessionBest"
    },
    {
      "GameRestriction": {
        "SupportedGames": []
      },
      "Target": "NextionTemplateParser.nextion1_DisplayScreenFor1s_gamevolumechanged",
      "Trigger": "DataCorePlugin.GameVolumeChanged"
    },
    {
      "GameRestriction": {
        "SupportedGames": []
      },
      "Target": "NextionTemplateParser.nextion1_DisplayScreenFor1s_sessionstarted",
      "Trigger": "DataCorePlugin.GameStarted"
    },
    {
      "GameRestriction": {
        "SupportedGames": []
      },
      "Target": "NextionTemplateParser.nextion1_DisplayScreenFor1s_rpmalerttriggerchanged",
      "Trigger": "SerialDashPlugin.BlinkTriggerRatioChanged"
    },
    {
      "GameRestriction": {
        "SupportedGames": []
      },
      "Target": "NextionTemplateParser.nextion1_DisplayScreenFor3s_newlap",
      "Trigger": "DataCorePlugin.NewValidLap"
    }
  ],
  "InputActionMapping": [
    {
      "PressType": 1,
      "GameRestriction": {
        "SupportedGames": []
      },
      "Target": "DataCorePlugin.IncrementGameVolume",
      "Trigger": "JoystickPlugin.J0HATRight"
    },
    {
      "PressType": 1,
      "GameRestriction": {
        "SupportedGames": []
      },
      "Target": "DataCorePlugin.DecrementGameVolume",
      "Trigger": "JoystickPlugin.J0HATLeft"
    },
    {
      "PressType": 1,
      "GameRestriction": {
        "SupportedGames": []
      },
      "Target": "DataCorePlugin.RestartSession",
      "Trigger": "JoystickPlugin.J0B15"
    },
    {
      "PressType": 1,
      "GameRestriction": {
        "SupportedGames": []
      },
      "Target": "SerialDashPlugin.NextScreen",
      "Trigger": "JoystickPlugin.J0B07"
    },
    {
      "PressType": 1,
      "GameRestriction": {
        "SupportedGames": []
      },
      "Target": "SerialDashPlugin.IncrementBlinkTriggerRatio",
      "Trigger": "JoystickPlugin.J0B03"
    },
    {
      "PressType": 1,
      "GameRestriction": {
        "SupportedGames": []
      },
      "Target": "DataCorePlugin.SwitchTractionControl",
      "Trigger": "JoystickPlugin.J0B00"
    },
    {
      "PressType": 1,
      "GameRestriction": {
        "SupportedGames": []
      },
      "Target": "DataCorePlugin.SwitchABS",
      "Trigger": "JoystickPlugin.J0B01"
    },
    {
      "PressType": 1,
      "GameRestriction": {
        "SupportedGames": []
      },
      "Target": "DataCorePlugin.SwitchInGameApps",
      "Trigger": "JoystickPlugin.J0B02"
    },
    {
      "PressType": 1,
      "GameRestriction": {
        "SupportedGames": []
      },
      "Target": "ShellPlugin.Run_ShowViewSettings.ahk",
      "Trigger": "JoystickPlugin.J0B16"
    },
    {
      "PressType": 1,
      "GameRestriction": {
        "SupportedGames": []
      },
      "Target": "DataCorePlugin.SwitchAutomaticGearbox",
      "Trigger": "JoystickPlugin.J0B17"
    },
    {
      "PressType": 1,
      "GameRestriction": {
        "SupportedGames": []
      },
      "Target": "SerialDashPlugin.DecrementDisplayIntensity",
      "Trigger": "SerialDashPlugin.SCREEN0_BUTTON7"
    },
    {
      "PressType": 1,
      "GameRestriction": {
        "SupportedGames": []
      },
      "Target": "SerialDashPlugin.IncrementDisplayIntensity",
      "Trigger": "SerialDashPlugin.SCREEN0_BUTTON8"
    },
    {
      "PressType": 1,
      "GameRestriction": {
        "SupportedGames": []
      },
      "Target": "SerialDashPlugin.PreviousScreen",
      "Trigger": "SerialDashPlugin.SCREEN0_BUTTON2"
    },
    {
      "PressType": 1,
      "GameRestriction": {
        "SupportedGames": []
      },
      "Target": "SerialDashPlugin.NextScreen",
      "Trigger": "SerialDashPlugin.SCREEN0_BUTTON1"
    },
    {
      "PressType": 2,
      "GameRestriction": {
        "SupportedGames": []
      },
      "Target": "SerialDashPlugin.GoToFirstScreen",
      "Trigger": "SerialDashPlugin.SCREEN0_BUTTON1"
    },
    {
      "PressType": 2,
      "GameRestriction": {
        "SupportedGames": []
      },
      "Target": "SerialDashPlugin.GoToFirstScreen",
      "Trigger": "JoystickPlugin.J0B07"
    },
    {
      "PressType": 1,
      "GameRestriction": {
        "SupportedGames": []
      },
      "Target": "SerialDashPlugin.DisplayScreenFor1s_TimeScreen",
      "Trigger": "JoystickPlugin.J0B06"
    }
  ]
}