{
  "Displays": [
    {
      "IsEnabled": true,
      "ComPort": "COM10",
      "DebugMode": false,
      "TemplateName": "DASH_3.4",
      "MappingName": "DASH_UNIVERSAL",
      "Delay": 20
    },
    {
      "IsEnabled": false,
      "ComPort": null,
      "DebugMode": false,
      "TemplateName": null,
      "MappingName": null,
      "Delay": 50
    },
    {
      "IsEnabled": false,
      "ComPort": null,
      "DebugMode": false,
      "TemplateName": null,
      "MappingName": null,
      "Delay": 50
    },
    {
      "IsEnabled": false,
      "ComPort": null,
      "DebugMode": false,
      "TemplateName": null,
      "MappingName": null,
      "Delay": 50
    },
    {
      "IsEnabled": false,
      "ComPort": null,
      "DebugMode": false,
      "TemplateName": null,
      "MappingName": null,
      "Delay": 50
    }
  ]
}